time,z,y,x
1707531222096190000,0,0,0
1707531222115080000,0.128236294,-0.054443359,-0.103263453
1707531222133970000,0.12225914,0.026648521,-0.094529755